<?xml version="1.0" encoding="UTF-8"?>
<project-private xmlns="http://www.netbeans.org/ns/project-private/1">
    <editor-bookmarks xmlns="http://www.netbeans.org/ns/editor-bookmarks/2" lastBookmarkId="0"/>
    <open-files xmlns="http://www.netbeans.org/ns/projectui-open-files/2">
        <group>
            <file>file:/home/dam/Desktop/DAM2/Acceso%20a%20Datos/copyBytesImaxe/copybytesImaxes/src/copybytesimaxes/Menu.java</file>
            <file>file:/home/dam/Desktop/DAM2/Acceso%20a%20Datos/copyBytesImaxe/copybytesImaxes/src/copybytesimaxes/CopybytesImaxes.java</file>
            <file>file:/home/dam/Desktop/DAM2/Acceso%20a%20Datos/copyBytesImaxe/copybytesImaxes/src/copybytesimaxes/copybytesMethods.java</file>
        </group>
    </open-files>
</project-private>
